﻿"タイトル","関数式","Xmin","Xmax","分割数","種別","Ymin","Ymax","高さ自動"
"sin(1/[x])","sin(1/[x])","-2.5","-0.01","1000","Normal","","","True"
"sqrt([x])-[x]/10","sqrt([x])-[x]/10","0","100","110","Normal","","","True"
"5*[x]-2*sqrt(5*[x])-4","5*[x]-2*sqrt(5*[x])-4","0","1","50","Normal","0","100","True"
"(1+0.01)^[x]","(1+0.01)^[x]","0","10","50","Normal","0","100","True"
"100*(1+0.1)^[x]","100*(1+0.1)^[x]","0","1000","50","Normal","0","100","True"
"SQRT","sqrt([x])","0","100","50","Normal","0","100","True"
"ハミング窓","log([t]+1)*cos([t])^[a]*sin([t]);log([t]+1)*sin([t])^[b]*cos([t]);[a]=2;[b]=3","0","PI*20","1000","Parametric","-0.5","0.5","True"
"ジクモイド","1/(1+exp(-[x]));exp(-[x])/400","-6","6","100","Normal","","","True"
"サイクロイド1","[t]-sin([t]);1-cos([t]);","0","PI*10","200","Parametric","","","True"
"カージオイド","2*cos([t])-cos(2*[t]);2*sin([t])-sin(2*[t])","0","PI*2","200","Parametric","","","True"
"メルカトル図法緯度","ln(tan(PI/4+[x]/2));tan([x])","0","1.5","100","Normal","0","10","False"
"サイクロイド","[t]-sin([t])*0.5;1-cos([t])*0.5","0","PI*10","200","Parametric","0","3","True"
"アークタンジェント","atan([x])","-100","100","300","Normal","","","True"
"地軸の傾き","23.452294-0.0130125*[x]-0.00000164*[x]*[x]+0.000000503*[x]*[x]*[x]","0","200","50","Normal","0","100","True"
"三角関数","$1/tan([x]);$1/sin([x]);$1/cos([x]);tan([x])","-PI","PI","201","Normal","-50","50","False"
"放物線","([x])^2","-4.5","4.5","100","Normal","","","True"
"正葉曲線12","sin(6*[t])","0","2*PI","300","Polar","","","True"
"パラメトリックの円","sin([t]);cos([t])","0","6.29","50","Parametric","-0.6","0.6","True"
"渦巻曲線","[t]*sin([t]);[t]*cos([t])","0","30","500","Parametric","","","True"
"外サイクロイド","(1.1+1)*cos([t])-1*cos((1.1+1)*[t]/1);(1.1+1)*sin([t])-1*sin((1.1+1)*[t]/1)","0","PI*20","1000","Parametric","","","True"
"内トロコイド1","[a]*cos([t])+cos([a]*[t]);[a]*sin([t])-sin([a]*[t]);[a]=20","0","PI*4","500","Parametric","","","True"
"サイクロイド2","[t]-sin([t])*0.5;1-cos([t])*0.5;","0","PI*5","200","Parametric","","","True"
"外サイクロイド2","cos([a]*[t])+[b]*cos([t]);sin([a]*[t])+[b]*sin([t]);[a]=0.8;[b]=4","0","PI*10","500","Parametric","","","True"
"アステロイド","cos([t])^[a];sin([t])^[b];[a]=3;[b]=3","0","PI*2","500","Parametric","-0.5","0.5","True"
"この調和級数は発散する","sum(-1^([@]-1)/[@],1,[x]);$ln2=0.69314 メルカトル級数","0","300","500","Normal","-0.5","0.5","True"
"1～[x]までの和(1) (n+1)*n/2","sum(1.01^[@],1,[x]);$1～[x]までの和 (n+1)*n/2","0","20","100","Normal","","","True"
"1～[x]までの和 (n+1)*n/2","sum([@],1,[x]);$1～[x]までの和 (n+1)*n/2","0","200","100","Normal","","","True"
"2次曲線+3次曲線","([x])^2+([x])^3;([x])^2;([x])^3","-2","2","100","Normal","","","True"
"二次曲線","sqrt([x]);sqrt([x])-[x]/10","0","100","100","Normal","","","True"
"内トロコイド","1.6*cos([t])+cos(1.6*[t]);1.6*sin([t])-sin(1.6*[t])","0","PI*10","500","Parametric","","","True"
"外サイクロイド1","(8+1)*cos([t])-1*cos((8+1)*[t]/1);(8+1)*sin([t])-1*sin((8+1)*[t]/1)","0","PI*2","200","Parametric","","","True"
"PI","sum((-1^([@]+1))/([@]*2-1),1,[x])*4;$円周率の計算でxが大きくなるほど円周率に近づく","1","100","100","Normal","","","True"
"円周率(マーチンの式)","4*(4*sum((-1)^[@]*(1/5)^(2*[@]+1)/(2*[@]+1),0,[x])-sum((-1)^[@]*(1/239)^(2*[@]+1)/(2*[@]+1),0,[x]));3.14159","0","10","100","Normal","3.12","3.15","True"
"円周率(ライプニッツの公式)","sum((-1^[@])/([@]*2+1),0,[x])*4;$円周率3.14159","1","500","1000","Normal","","","True"
"自然対数の底","sum(1/fact([@]),0,[x])","0","100","100","Normal","","","True"
"アステロイド1","log([t]+1)*cos([t])^[a];log([t]+1)*sin([t])^[b];[a]=3;[b]=3","0","PI*20","500","Parametric","-0.5","0.5","True"
"アステロイド2","log([t]+1)*cos([t])^[a]*sin([t]);log([t]+1)*sin([t])^[b]*cos([t]);[a]=2;[b]=3","0","PI*20","1000","Parametric","-0.5","0.5","True"
"dB","20*log([x])","0.01","2","100","Normal","-40","3","False"
"円筒図法緯度","tan([x])","0","2","100","Normal","","","True"
"グーデルマン関数","2*atan(exp([x]))-PI/2","-5","5","100","Normal","","","True"
"定額預金利率","sum(1.03^[@],0,[x])/[x];$年利5%でx年(1～[x]までの和)","1","40","40","Normal","","","True"
"1～[x]までの和(2) (n+1)*n/2","sum(1.1^[@],1,[x]);$1～[x]までの和 (n+1)*n/2","0","20","100","Normal","","","True"
"1～[x]までの和(3) (n+1)*n/2","sum(1.05^[@],1,[x]);$1～[x]までの和 (n+1)*n/2","0","40","100","Normal","","","True"
"1～[x]までの積 [x]の階乗","product([@],1,[x]);$1～[x]までの積 [x]の階乗","1","10","100","Normal","0","6000","True"
"ln2=0.69314 メルカトル級数","sum(-1^([@]-1)/[@],1,[x]);$ln2=0.69314 メルカトル級数","0","300","500","Normal","-0.5","0.5","True"
"この調和級数は発散する","sum(1/[@],1,[x]);$この調和級数は発散する","0","100","100","Normal","","","True"
"log([x]);1.5^[x]","log([x]);1.5^[x]","-0.2","5","300","Normal","","",""
"sin([x])/([x])","sin([x])/([x])","-50","50","300","Normal","","","True"
"[x]*sin(1/[x])","[x]*sin(1/[x])","-2","2","500","Normal","","","True"
"tanh([x])","tanh([x])","-4.5","4.5","100","Normal","","",""
"2*[x]*sin(PI+[x]^2)","2*[x]*sin(PI+[x]^2)","-10","10","500","Normal","","","True"
"sqrt(10^2-[x]^2)","sqrt(10^2-[x]^2)","-10","10","100","Normal","","","True"
"sin(1/[x])*(E^[x])","sin(1/[x])*(E^[x])","-0.5","0.5","10000","Normal","","","True"
"sin(1/[x])^[x]","sin(1/[x])^[x]","-0.32","0.5","20000","Normal","","","True"
"tan([x])","tan([x])","-4.5","4.5","300","Normal","","",""
"[x]^3-9*([x]);9*[x];[x]^3","[x]^3-9*([x]);9*[x];[x]^3","0","PI*2","200","Parametric","","","True"
"[a]*sin([t])+sin([b]*[t]);[a]-[a]*cos([t])-cos([b]*[t]);[a]=10;[b]=4","[a]*sin([t])+sin([b]*[t]);[a]-[a]*cos([t])-cos([b]*[t]);[a]=10;[b]=4","0","PI*10","500","Parametric","","","True"
"10*sin([t]);10-10*cos([t])","10*sin([t]);10-10*cos([t])","0","PI*2","100","Parametric","","","True"
"6*sin([t])+sin(7*[t]);6-6*cos([t])","6*sin([t])+sin(7*[t]);6-6*cos([t])","0","PI*2","100","Parametric","","","True"
"6*sin([t])+sin((6+1)*[t]);6-6*cos([t])-cos((6+1)*[t])","6*sin([t])+sin((6+1)*[t]);6-6*cos([t])-cos((6+1)*[t])","0","PI*2","200","Parametric","","","True"
"6*sin([t])+sin((6+1)*[t])*0.5;6-6*cos([t])-cos((6+1)*[t])*0.5","6*sin([t])+sin((6+1)*[t])*0.5;6-6*cos([t])-cos((6+1)*[t])*0.5","0","PI*2","200","Parametric","","","True"
"sin([n]*[t]);[n]=0.5;$n:0.1,0.5,1.5,6,10","sin([n]*[t]);[n]=0.5;$n:0.1,0.5,1.5,6,10","0","PI*2","100","Polar","","","True"
"6*sin([t])+sin((6+4)*[t]/4);6-6*cos([t])-cos((6+4)*[t]/4)","6*sin([t])+sin((6+4)*[t]/4);6-6*cos([t])-cos((6+4)*[t]/4)","0","100","100","Normal","","",""
"[x]^2+([a]*[x]^2+[b]*[x]+[c])^2;[a]=1;[b]=7;[c]=3;$(a,b,c)=(1,0,0),(1,3,0),(1,7,3)","[x]^2+([a]*[x]^2+[b]*[x]+[c])^2;[a]=1;[b]=7;[c]=3;$(a,b,c)=(1,0,0),(1,3,0),(1,7,3)","-8","1","100","Normal","","","True"
"floor([x]);[x];$round([x]);$ceil([x]);trunc([x])","floor([x]);[x];$round([x]);$ceil([x]);trunc([x])","-5","5","500","Normal","","","True"
"product(cos([a]/2^[@]),1,[x])*[a];[a]=45*PI/180;$sin(x) オイラーの公式","product(cos([a]/2^[@]),1,[x])*[a];[a]=45*PI/180;$sin(x) オイラーの公式","1","10","100","Normal","0","1.2","False"
"sum([a]^[@],1,[x]);[a]= -0.8;$-1<[a]<1","sum([a]^[@],1,[x]);[a]= -0.8;$-1<[a]<1","1","50","500","Normal","0","100","True"
"sqrt(sum(1/[@]^2,1,[x])*6);$PI=3.14159","sqrt(sum(1/[@]^2,1,[x])*6);$PI=3.14159","1","100","300","Normal","0","100","True"
"sqrt([x])^sqrt([x]+1);sqrt([x]+1)^sqrt([x])","sqrt([x])^sqrt([x]+1);sqrt([x]+1)^sqrt([x])","0","10","20","Normal","0","100","True"
"log([x]+1)","log([x]+1)","0","5","300","Normal","","","True"
"log([x]*10+1)","log([x]*10+1)","0","5","300","Normal","","","True"
"log([x]*2+1)","log([x]*2+1)","0","2","300","Normal","","","True"
"log([x]*20+1)","log([x]*20+1)","0","2","300","Normal","","","True"
"log([x]*20+1)/2","log([x]*20+1)/2","0","2","300","Normal","","","True"
"log([x]*10+1)/2","log([x]*10+1)/2","0","2","300","Normal","","","True"
"log([x]*30+1)/2","log([x]*30+1)/2","0","2","300","Normal","","","True"
"log([x]*30+1)/1.2","log([x]*30+1)/1.2","0","2","300","Normal","","","True"
"log([x]*30+1)/1.4","log([x]*30+1)/1.4","0","2","300","Normal","","","True"
